{
    "0": {
        "acc": 0.9362800500962214,
        "f1": 0.966528673662591,
        "auc": 0.9544639434614736,
        "sec": 144.2790374783799
    },
    "1": {
        "acc": 0.9680483856187189,
        "f1": 0.9835145784081955,
        "auc": 0.951940860118175,
        "sec": 108.62553430628031
    },
    "2": {
        "acc": 0.9457494578000427,
        "f1": 0.971671930328261,
        "auc": 0.9487288394154485,
        "sec": 82.54487872868776
    },
    "3": {
        "acc": 0.96038122002627,
        "f1": 0.9794567197275679,
        "auc": 0.9561381155080424,
        "sec": 124.1619371837005
    },
    "4": {
        "acc": 0.9728441824235574,
        "f1": 0.9860191548586974,
        "auc": 0.9510506115560463,
        "sec": 192.86441768705845
    },
    "5": {
        "acc": 0.9706142896416898,
        "f1": 0.9848413223661404,
        "auc": 0.9613207591600309,
        "sec": 209.2481633676216
    },
    "6": {
        "acc": 0.9387237682133366,
        "f1": 0.9678422571336966,
        "auc": 0.9629807767126273,
        "sec": 111.03053919225931
    },
    "7": {
        "acc": 0.9795644072456242,
        "f1": 0.9895142709361922,
        "auc": 0.949791399104924,
        "sec": 110.55600066203624
    },
    "8": {
        "acc": 0.977609432751932,
        "f1": 0.9885136723340907,
        "auc": 0.9482753325000695,
        "sec": 109.02391264773905
    },
    "9": {
        "acc": 0.9557076091272871,
        "f1": 0.976975355691057,
        "auc": 0.9596050706772534,
        "sec": 110.0260832393542
    },
    "mean": {
        "acc": 0.960552280294468,
        "f1": 0.9794877935446488,
        "auc": 0.9544295708214092,
        "sec": 130.23605044931173
    },
    "std": {
        "acc": 0.015063806487268459,
        "f1": 0.008003055781282662,
        "auc": 0.005097198990882538,
        "sec": 38.412683533454164
    }
}