{
    "0": {
        "acc": 0.9725387176589181,
        "f1": 0.9859590485264029,
        "auc": 0.7173307880157458,
        "sec": 12.371169723104686
    },
    "1": {
        "acc": 0.9724165317530623,
        "f1": 0.9858978963971702,
        "auc": 0.7132785330026488,
        "sec": 10.19798672106117
    },
    "2": {
        "acc": 0.9731191007117329,
        "f1": 0.9862611628052208,
        "auc": 0.7151227381476974,
        "sec": 11.444921636022627
    },
    "3": {
        "acc": 0.9701866389711947,
        "f1": 0.9847509530654335,
        "auc": 0.6943774203416817,
        "sec": 8.789086282718927
    },
    "4": {
        "acc": 0.9722027064178147,
        "f1": 0.9857905749351987,
        "auc": 0.706716325307027,
        "sec": 11.14814281417057
    },
    "5": {
        "acc": 0.9712863121238965,
        "f1": 0.9853221323506449,
        "auc": 0.6939910000966498,
        "sec": 8.247687118127942
    },
    "6": {
        "acc": 0.9722027064178147,
        "f1": 0.9857954545454545,
        "auc": 0.6992498681302841,
        "sec": 11.420368086080998
    },
    "7": {
        "acc": 0.9650548309252528,
        "f1": 0.9820700896495518,
        "auc": 0.7064155231132392,
        "sec": 9.994605111889541
    },
    "8": {
        "acc": 0.9729052753764853,
        "f1": 0.9861533898437377,
        "auc": 0.710302096318951,
        "sec": 11.929498943965882
    },
    "9": {
        "acc": 0.9714390445062162,
        "f1": 0.9853954171287546,
        "auc": 0.7045912571197359,
        "sec": 9.743371818214655
    },
    "mean": {
        "acc": 0.9713351864862387,
        "f1": 0.985339611924757,
        "auc": 0.7061375549593661,
        "sec": 10.5286838255357
    },
    "std": {
        "acc": 0.0022482372690305796,
        "f1": 0.0011686637168560937,
        "auc": 0.00781307893769115,
        "sec": 1.2890236789730962
    }
}