{
    "0": {
        "acc": 0.9787091059046339,
        "f1": 0.9890561949473221,
        "auc": 0.9753774514662111,
        "sec": 45.646975512150675
    },
    "1": {
        "acc": 0.9799615114396555,
        "f1": 0.989711417816813,
        "auc": 0.9717621940581634,
        "sec": 41.10161791788414
    },
    "2": {
        "acc": 0.979656046675016,
        "f1": 0.9895542520154335,
        "auc": 0.9654695872395984,
        "sec": 46.43566208239645
    },
    "3": {
        "acc": 0.97968659315148,
        "f1": 0.9895707541991436,
        "auc": 0.9696094823745068,
        "sec": 42.384355537593365
    },
    "4": {
        "acc": 0.9793505819103766,
        "f1": 0.9893910860012556,
        "auc": 0.973250028462563,
        "sec": 47.65956248668954
    },
    "5": {
        "acc": 0.9809084522100375,
        "f1": 0.9902039152991331,
        "auc": 0.9651343074628431,
        "sec": 43.50364328501746
    },
    "6": {
        "acc": 0.9799920579161194,
        "f1": 0.9897224270763051,
        "auc": 0.9801436765604448,
        "sec": 46.893879409879446
    },
    "7": {
        "acc": 0.9816110211687082,
        "f1": 0.9905678114815742,
        "auc": 0.9691697460156508,
        "sec": 44.434314294252545
    },
    "8": {
        "acc": 0.9792894889574487,
        "f1": 0.9893620359619669,
        "auc": 0.9686146492511275,
        "sec": 49.03300248272717
    },
    "9": {
        "acc": 0.9805113480160064,
        "f1": 0.9899984323561687,
        "auc": 0.9664581493846353,
        "sec": 42.15793525939807
    },
    "mean": {
        "acc": 0.9799676207349484,
        "f1": 0.9897138327155115,
        "auc": 0.9704989272275745,
        "sec": 44.92509482679888
    },
    "std": {
        "acc": 0.0008051532028116063,
        "f1": 0.0004191525515955602,
        "auc": 0.0044999468816351775,
        "sec": 2.490464825724291
    }
}