{
    "0": {
        "acc": 0.9968673298023512,
        "f1": 0.9984086099125556,
        "auc": 0.9872109891990214,
        "sec": 450.58936850726604
    },
    "1": {
        "acc": 0.9964151918356802,
        "f1": 0.9981792831952759,
        "auc": 0.9834539572796561,
        "sec": 447.809089217335
    },
    "2": {
        "acc": 0.99735176333807,
        "f1": 0.9986542816818197,
        "auc": 0.9865129119492723,
        "sec": 447.5165170710534
    },
    "3": {
        "acc": 0.9967058519571115,
        "f1": 0.9983265520409502,
        "auc": 0.9873100901300803,
        "sec": 445.9782737120986
    },
    "4": {
        "acc": 0.9969642165094948,
        "f1": 0.9984574485542683,
        "auc": 0.9856427022409148,
        "sec": 441.53111782483757
    },
    "5": {
        "acc": 0.9968350342333032,
        "f1": 0.9983921774511091,
        "auc": 0.9884404979039084,
        "sec": 445.0194771811366
    },
    "6": {
        "acc": 0.9972871721999742,
        "f1": 0.9986215045293422,
        "auc": 0.9889936280302195,
        "sec": 446.7541153766215
    },
    "7": {
        "acc": 0.9972548766309263,
        "f1": 0.9986050709772709,
        "auc": 0.9797688719542815,
        "sec": 451.4614108968526
    },
    "8": {
        "acc": 0.9970933987856866,
        "f1": 0.9985233313644418,
        "auc": 0.9851389210924726,
        "sec": 448.78540562838316
    },
    "9": {
        "acc": 0.9968350342333032,
        "f1": 0.9983921774511091,
        "auc": 0.986941212720133,
        "sec": 449.10204966925085
    },
    "mean": {
        "acc": 0.9969609869525901,
        "f1": 0.9984560437158143,
        "auc": 0.985941378249996,
        "sec": 447.45468250848353
    },
    "std": {
        "acc": 0.00027685799212178206,
        "f1": 0.0001404231258303153,
        "auc": 0.0025572186761690934,
        "sec": 2.7236670077252043
    }
}