{
    "0": {
        "acc": 0.9970675382594618,
        "f1": 0.9985078802573907,
        "auc": 0.9918747573515319,
        "sec": 113.49502438027412
    },
    "1": {
        "acc": 0.9965787946360387,
        "f1": 0.9982595182595182,
        "auc": 0.984855280153526,
        "sec": 104.97508308757097
    },
    "2": {
        "acc": 0.9961816904420076,
        "f1": 0.9980580714319005,
        "auc": 0.9831013003091157,
        "sec": 104.21835485938936
    },
    "3": {
        "acc": 0.9966093411125027,
        "f1": 0.9982748706152961,
        "auc": 0.9815397243185777,
        "sec": 107.04497146885842
    },
    "4": {
        "acc": 0.9965482481595748,
        "f1": 0.998244060105978,
        "auc": 0.9867590979865705,
        "sec": 107.64459384605289
    },
    "5": {
        "acc": 0.9972202706417814,
        "f1": 0.9985853529622087,
        "auc": 0.9936700744613408,
        "sec": 111.10066549479961
    },
    "6": {
        "acc": 0.9971897241653175,
        "f1": 0.9985700963630711,
        "auc": 0.9874941590316013,
        "sec": 107.99340023007244
    },
    "7": {
        "acc": 0.9964566087301829,
        "f1": 0.9981972461380662,
        "auc": 0.9841694142936944,
        "sec": 109.35285993199795
    },
    "8": {
        "acc": 0.9963649693007911,
        "f1": 0.998150996752591,
        "auc": 0.9853934580744402,
        "sec": 108.59120624233037
    },
    "9": {
        "acc": 0.9966093411125027,
        "f1": 0.998275085080263,
        "auc": 0.9883221585352467,
        "sec": 106.47999652568251
    },
    "mean": {
        "acc": 0.9966826526560162,
        "f1": 0.9983123177966282,
        "auc": 0.9867179424515646,
        "sec": 108.08961560670286
    },
    "std": {
        "acc": 0.00033717554391780364,
        "f1": 0.00017128494296369233,
        "auc": 0.0036016024695512843,
        "sec": 2.6212339487813376
    }
}