{
    "0": {
        "acc": 0.9956597222222222,
        "f1": 0.9977851605758583,
        "auc": 0.9837267080745341,
        "sec": 51.10308353975415
    },
    "1": {
        "acc": 0.9952256944444444,
        "f1": 0.9975652943780434,
        "auc": 0.9671838952972494,
        "sec": 51.40394311212003
    },
    "2": {
        "acc": 0.9954427083333334,
        "f1": 0.9976746761156017,
        "auc": 0.9781177905944987,
        "sec": 50.14784171618521
    },
    "3": {
        "acc": 0.9950086805555556,
        "f1": 0.9974543442169341,
        "auc": 0.9858229813664595,
        "sec": 50.616240832954645
    },
    "4": {
        "acc": 0.9934895833333334,
        "f1": 0.9966821499668215,
        "auc": 0.9713930789707188,
        "sec": 51.58175319992006
    },
    "5": {
        "acc": 0.9958767361111112,
        "f1": 0.9978970669618151,
        "auc": 0.990592280390417,
        "sec": 50.29573746398091
    },
    "6": {
        "acc": 0.9950086805555556,
        "f1": 0.9974549076020803,
        "auc": 0.9826109139307897,
        "sec": 50.60531166382134
    },
    "7": {
        "acc": 0.9945746527777778,
        "f1": 0.9972348191571728,
        "auc": 0.9709693877551021,
        "sec": 50.709126606583595
    },
    "8": {
        "acc": 0.9945746527777778,
        "f1": 0.997234207323819,
        "auc": 0.9833229813664596,
        "sec": 51.23601431585848
    },
    "9": {
        "acc": 0.9939236111111112,
        "f1": 0.9969012837538733,
        "auc": 0.9724733806566105,
        "sec": 51.792137540876865
    },
    "mean": {
        "acc": 0.9948784722222221,
        "f1": 0.9973883910052018,
        "auc": 0.978621339840284,
        "sec": 50.94911899920553
    },
    "std": {
        "acc": 0.0007144998972723166,
        "f1": 0.00036353987006847854,
        "auc": 0.007341118478490755,
        "sec": 0.5271950009694151
    }
}