{
    "0": {
        "acc": 0.9965105459057072,
        "f1": 0.9982364698044442,
        "auc": 0.9767895845382402,
        "sec": 386.5336848460138
    },
    "1": {
        "acc": 0.996937034739454,
        "f1": 0.9984517393434591,
        "auc": 0.9725092467271257,
        "sec": 385.4929175507277
    },
    "2": {
        "acc": 0.9967044044665012,
        "f1": 0.9983343457898141,
        "auc": 0.9732022543928165,
        "sec": 384.42702850326896
    },
    "3": {
        "acc": 0.9968207196029777,
        "f1": 0.9983929761298161,
        "auc": 0.9795385108049075,
        "sec": 384.4839761313051
    },
    "4": {
        "acc": 0.9971308933002482,
        "f1": 0.9985496452510682,
        "auc": 0.9817346706058419,
        "sec": 373.36384480819106
    },
    "5": {
        "acc": 0.9974022952853598,
        "f1": 0.9986867637546796,
        "auc": 0.9817890777321322,
        "sec": 385.21705730073154
    },
    "6": {
        "acc": 0.9974022952853598,
        "f1": 0.9986865578012585,
        "auc": 0.9717815203586995,
        "sec": 384.8649210613221
    },
    "7": {
        "acc": 0.9969758064516129,
        "f1": 0.9984713076199435,
        "auc": 0.967516150718174,
        "sec": 384.5486729834229
    },
    "8": {
        "acc": 0.996937034739454,
        "f1": 0.9984516179612317,
        "auc": 0.9829070944905207,
        "sec": 385.4610974546522
    },
    "9": {
        "acc": 0.9970533498759305,
        "f1": 0.9985105632422687,
        "auc": 0.9783544105049975,
        "sec": 383.14052788354456
    },
    "mean": {
        "acc": 0.9969874379652606,
        "f1": 0.9984771986697982,
        "auc": 0.9766122520873456,
        "sec": 383.75337285231797
    },
    "std": {
        "acc": 0.00026639862571809804,
        "f1": 0.00013449851120111764,
        "auc": 0.004887034431672126,
        "sec": 3.563542517836018
    }
}